;question;reference_answer;generated_answer;confidence_score;response_token_sum;prompt_token_sum;ref_answer_token_sum;latency;power_consumption;gpu_utilization;gpu_memory
0;In what country is Normandy located?;France;France;2.2684032956021838e-05;3;9;3;0.13967418670654297;95.13999999999999;13.5;3120.0
1;What is Southern California often abbreviated as?;SoCal;SoCal;0.3351704478263855;4;11;4;0.04276704788208008;94.24;0.0;3118.0
2;Which name is also used to describe the Amazon rainforest in English?;also known in English as Amazonia or the Amazon Jungle;Amazonia or the Amazon Jungle;0.0023548186291009188;8;16;13;0.04405546188354492;94.69;1.0;3208.0
3;An igneous rock is a rock that crystallizes from what?;rock crystallizes from melt (magma and/or lava);melt;0.5706009268760681;4;15;15;0.13215303421020508;93.975;0.0;3135.0
4;What is the largest city the Rhine runs through?;Cologne, Germany;Cologne;0.038210753351449966;4;13;6;0.045131683349609375;93.935;0.5;3135.0
5;Along with geothermal and nuclear, what is a notable non-combustion heat source?;solar power;solar power;0.006078007631003857;5;21;5;0.041408538818359375;93.82;0.0;3127.0
6;What theorem defines the main role of primes in number theory?;The fundamental theorem of arithmetic;fundamental theorem of arithmetic;1.2861522918683477e-05;7;15;7;0.052762746810913086;75.72;0.0;3118.0
7;What kind of university is the University of Chicago?;a private research university;private research university;0.05923950672149658;5;12;6;0.09152579307556152;29.435000000000002;4.0;3074.0
8;What is the second most abundant element?;helium;helium;0.001518260920420289;4;10;4;0.04378962516784668;84.77;2.5;3052.0
9;What popular term is another commonly used way of saying the Amazon?;Amazonia or the Amazon Jungle;Amazon Jungle;0.19360482692718506;4;15;8;0.042514801025390625;94.52;2.0;3051.0
10;What is the worlds largest academic and private library system?;Harvard Library;Harvard Library;0.04187777638435364;5;13;5;0.05034899711608887;55.01;5.0;3039.0
11;Which Florida city has the biggest population?;Jacksonville;Jacksonville;0.41910210251808167;4;10;4;0.09654760360717773;28.34;10.0;3037.0
12;What percentage of global assets does the richest 1% of people have?;40%;40%;0.05508032441139221;4;16;4;0.07125091552734375;24.91;21.0;3157.0
13;Where was France's Huguenot population largely centered?;the southern and central parts of France;southern and central parts of France;0.1711069494485855;9;14;9;0.08305001258850098;24.4;14.0;3178.0
14;What is a ctenophora?;phylum of animals that live in marine waters;animals that live in marine waters;7.886820822022855e-05;9;10;11;0.044568777084350586;81.31;1.5;3113.0
15;Along with non-governmental and nonstate schools, what is another name for private schools?;indipendent;indipendent;0.0023258922155946493;6;20;6;0.043834686279296875;94.71;1.0;3164.0
16;What is the largest city of Poland?;Warsaw;Warsaw;0.0292961522936821;4;10;4;0.04175305366516113;94.46;1.0;3230.0
17;By what means is imperialism usually administered?;colonization, use of military force, or other means;use of military force;0.04820863530039787;6;10;14;0.0656130313873291;71.46;5.0;3193.0
18;How long did it take to improve on Sir Isaac Newton's laws of motion?;nearly three hundred years;nearly three hundred years;0.020437654107809067;7;18;7;0.06340646743774414;32.6;4.0;3184.0
19;What aspects of life does Islamism seek to integrate itself into?;all spheres of life.;all spheres of life;0.2921183109283447;6;15;7;0.08405733108520508;26.375;8.0;3174.0
20;When was the current parliament of Scotland convened?;Following a referendum in 1997;1997;0.002450627041980624;3;11;7;0.06174802780151367;25.905;16.5;3150.0
21;The immune system protects organisms against what?;disease;disease;1.5021490753497346e-06;5;10;5;0.06303930282592773;25.18;4.0;3150.0
22;"How much was the combined wealth of the ""10 Million dollar millionaires"" in 2008?";nearly $41 trillion;$41 trillion;0.1312394142150879;5;19;7;0.07973456382751465;24.895;17.0;3150.0
23;When did the 1973 oil crisis begin?;October 1973;October 1973;0.08493976294994354;4;10;4;0.07924747467041016;24.2;9.0;3146.0
24;When were the Normans in Normandy?;10th and 11th centuries;10th and 11th centuries;0.07888765633106232;8;10;8;0.06406450271606445;23.935000000000002;5.0;3147.0
25;What is it called when people in society rebel against laws they think are unfair?;Civil disobedience;Civil disobedience;0.3357732892036438;4;18;4;0.08792543411254883;23.1;6.0;3150.0
26;What are the main sources of primary law?;Treaties establishing the European Union;Treaties;3.073625975957839e-06;5;11;9;0.1296546459197998;23.6;7.0;3150.0
27;Where did the black death originate?;the arid plains of Central Asia;arid plains of Central Asia;2.6891439119935967e-05;8;9;9;0.07784247398376465;22.869999999999997;4.5;3150.0
28;What did Paul Baran develop?;Paul Baran developed the concept Distributed Adaptive Message Block Switching;Distributed Adaptive Message Block Switching;0.7050033211708069;10;9;16;0.07913398742675781;21.91;5.0;3150.0
29;When was the French and Indian War?;1754?1763;1754?1763;0.0005421472596935928;7;10;7;0.06211709976196289;23.93;9.0;3175.0
30;What are the agents the immune system detects known as?;pathogens;pathogens;0.6135444045066833;4;13;4;0.08483004570007324;22.89;15.5;3175.0
31;What branch of theoretical computer science deals with broadly classifying computational problems by difficulty and class of relationship?;Computational complexity theory;Computational complexity theory;0.23259152472019196;7;22;7;0.09492039680480957;23.04;4.0;3169.0
32;Which coastline does Southern California touch?;Pacific;Pacific;0.002418776275590062;3;9;3;0.16389250755310059;23.75;15.5;3253.0
33;What percentile of gross domestic product is construction comprised of?;six to nine percent;six to nine percent;0.010480605065822601;6;13;6;0.0852046012878418;28.085;14.0;3250.0
34;Where according to gross state product does Victoria rank in Australia?;second;second;3.752414704649709e-05;3;14;3;0.07990694046020508;27.91;12.0;3237.0
35;Sophocles demonstrated civil disobedience in a play that was called?;Antigone;Antigone;0.0004500920476857573;5;16;5;0.07584595680236816;27.36;10.0;3246.0
36;University of Chicago scholars played a major part in what development?;various academic disciplines;various academic disciplines;8.105158322280204e-09;6;14;6;0.07359981536865234;27.275;13.0;3246.0
37;The word imperialism has it's origins in which ancient language?;Latin;Latin;0.05968014895915985;3;14;3;0.06768274307250977;27.145;4.0;3239.0
38;What UN organizations established the IPCC?;the World Meteorological Organization (WMO) and the United Nations Environment Programme (UNEP);World Meteorological Organization (WMO) and the United Nations Environment Programme;4.881105724052759e-06;16;9;21;0.06534147262573242;27.37;10.0;3234.0
39;Which gas makes up 20.8% of the Earth's atmosphere?;Diatomic oxygen;oxygen;0.0002026587608270347;4;16;6;0.06213521957397461;27.44;2.0;3201.0
40;What is the Yuan dynasty's official name?;the Great Yuan;the Great Yuan;0.7254700660705566;5;11;5;0.06318998336791992;27.455;13.0;3194.0
41;What are the agents detected by the immune system called?;pathogens;pathogens;0.6581757664680481;4;13;4;0.06285762786865234;27.34;1.0;3192.0
42;What is European Union Law?;a body of treaties and legislation, such as Regulations and Directives, which have direct effect or indirect effect on the laws of European Union member states;Regulations and Directives;0.21973954141139984;7;8;31;0.0682535171508789;27.42;8.5;3175.0
43;What concept did philosophers in antiquity use to study simple machines?;the concept of force;force;0.001613976084627211;3;14;6;0.07327938079833984;27.244999999999997;0.0;3171.0
44;What right do private schools have that public schools don't?;to select their students;to select their students;2.529029552533757e-05;6;14;6;0.06337380409240723;27.265;10.5;3164.0
45;What is the largest stadium in Australia?;Melbourne Cricket Ground;Melbourne Cricket Ground;0.015044735744595528;6;10;6;0.07887005805969238;27.17;14.0;3158.0
46;Where do ctenophora live?;marine waters;marine waters;1.4854846597245341e-07;4;10;4;0.06594681739807129;27.475;3.5;3158.0
47;In what country can most of the Amazon rainforest be found?;Brazil;Brazil;0.0627119317650795;3;15;3;0.08234310150146484;27.27;0.0;3158.0
48;What are the two bodies that make up the European Union's legislature?;European Parliament and the Council of the European Union;European Parliament and the Council of the European Union;0.7964367866516113;11;16;11;0.07078695297241211;27.29;2.0;3158.0
49;The Scottish Parliament may legislate as it pleases as long as the powers aren't already reserved by where?;Westminster;Westminster;4.5514216253650375e-06;4;24;4;0.07294178009033203;26.99;0.0;3153.0
